uniq_id,crawl_timestamp,product_url,product_name,product_category_tree,pid,retail_price,discounted_price,image,is_FK_Advantage_product,description,product_rating,overall_rating,brand,product_specifications
c2d766ca982eca8304150849735ffef9,2016-03-25 22:59:23 +0000,http://www.flipkart.com/alisha-solid-women-s-cycling-shorts/p/itmeh2ffvzetthbb?pid=SRTEH2FF9KEDEFGF,Alisha Solid Women's Cycling Shorts,"[""Clothing >> Women's Clothing >> Lingerie, Sleep & Swimwear >> Shorts >> Alisha Shorts >> Alisha Solid Women's Cycling Shorts""]",SRTEH2FF9KEDEFGF,999.0,379.0,"[""http://img5a.flixcart.com/image/short/u/4/a/altht-3p-21-alisha-38-original-imaeh2d5vm5zbtgg.jpeg"", ""http://img5a.flixcart.com/image/short/p/j/z/altght4p-26-alisha-38-original-imaeh2d5kbufss6n.jpeg"", ""http://img5a.flixcart.com/image/short/p/j/z/altght4p-26-alisha-38-original-imaeh2d5npdybzyt.jpeg"", ""http://img5a.flixcart.com/image/short/z/j/7/altght-7-alisha-38-original-imaeh2d5jsz2ghd6.jpeg""]",False,"Key Features of Alisha Solid Women's Cycling Shorts Cotton Lycra Navy, Red, Navy,Specifications of Alisha Solid Women's Cycling Shorts Shorts Details Number of Contents in Sales Package Pack of 3 Fabric Cotton Lycra Type Cycling Shorts General Details Pattern Solid Ideal For Women's Fabric Care Gentle Machine Wash in Lukewarm Water, Do Not Bleach Additional Details Style Code ALTHT_3P_21 In the Box 3 shorts",No rating available,No rating available,Alisha,"{""product_specification""=>[{""key""=>""Number of Contents in Sales Package"", ""value""=>""Pack of 3""}, {""key""=>""Fabric"", ""value""=>""Cotton Lycra""}, {""key""=>""Type"", ""value""=>""Cycling Shorts""}, {""key""=>""Pattern"", ""value""=>""Solid""}, {""key""=>""Ideal For"", ""value""=>""Women's""}, {""value""=>""Gentle Machine Wash in Lukewarm Water, Do Not Bleach""}, {""key""=>""Style Code"", ""value""=>""ALTHT_3P_21""}, {""value""=>""3 shorts""}]}"
7f7036a6d550aaa89d34c77bd39a5e48,2016-03-25 22:59:23 +0000,http://www.flipkart.com/fabhomedecor-fabric-double-sofa-bed/p/itmeh3qgfamccfpy?pid=SBEEH3QGU7MFYJFY,FabHomeDecor Fabric Double Sofa Bed,"[""Furniture >> Living Room Furniture >> Sofa Beds & Futons >> FabHomeDecor Fabric Double Sofa Bed (Finish Colo...""]",SBEEH3QGU7MFYJFY,32157.0,22646.0,"[""http://img6a.flixcart.com/image/sofa-bed/j/f/y/fhd112-double-foam-fabhomedecor-leatherette-black-leatherette-1100x1100-imaeh3gemjjcg9ta.jpeg"", ""http://img6a.flixcart.com/image/sofa-bed/j/f/y/fhd112-double-foam-fabhomedecor-leatherette-black-leatherette-original-imaeh3gemjjcg9ta.jpeg"", ""http://img6a.flixcart.com/image/sofa-bed/j/f/y/fhd112-double-foam-fabhomedecor-leatherette-black-leatherette-original-imaeh3genfxkqvuv.jpeg"", ""http://img5a.flixcart.com/image/sofa-bed/j/f/y/fhd112-double-foam-fabhomedecor-leatherette-black-leatherette-original-imaeh3ge2sfeczef.jpeg"", ""http://img5a.flixcart.com/image/sofa-bed/j/f/y/fhd112-double-foam-fabhomedecor-leatherette-black-leatherette-original-imaeh3geuy7d74g2.jpeg"", ""http://img5a.flixcart.com/image/sofa-bed/j/f/y/fhd112-double-foam-fabhomedecor-leatherette-black-leatherette-original-imaeh3gerfhdxzwj.jpeg""]",False,"FabHomeDecor Fabric Double Sofa Bed (Finish Color - Leatherette Black Mechanism Type - Pull Out) Price: Rs. 22,646 • Fine deep seating experience • Save Space with the all new click clack Sofa Bed • Easy to fold and vice versa with simple click clack mechanism • Chrome legs with mango wood frame for long term durability • Double cushioned Sofa Bed to provide you with extra softness to make a fine seating experience • A double bed that can easily sleep two,Specifications of FabHomeDecor Fabric Double Sofa Bed (Finish Color - Leatherette Black Mechanism Type - Pull Out) Installation & Demo Installation & Demo Details Installation and demo for this product is done free of cost as part of this purchase. Our service partner will visit your location within 72 business hours from the delivery of the product. In The Box 1 Sofa Bed General Brand FabHomeDecor Mattress Included No Delivery Condition Knock Down Storage Included No Mechanism Type Pull Out Type Sofa Bed Style Contemporary & Modern Filling Material Microfiber Seating Capacity 3 Seater Upholstery Type NA Upholstery Included No Bed Size Double Shape Square Suitable For Living Room Model Number FHD112 Care Instructions Avoid outdoor use and exposure to water or prolonged moisture, Avoid exposure to direct heat or sunlight as this can cause the sofa colour to fade, Keep sharp objects away from your sofa, A little tear on the fabric cover may be hard to repair, Vacuum your sofas periodically with a soft bristled bru...View More Avoid outdoor use and exposure to water or prolonged moisture, Avoid exposure to direct heat or sunlight as this can cause the sofa colour to fade, Keep sharp objects away from your sofa, A little tear on the fabric cover may be hard to repair, Vacuum your sofas periodically with a soft bristled brush attachment or lightly brush them to keep general dirt and dust off the sofa and prevent any embedding between the fibres, Try to avoid food and drink spillage of any kind, If spills occur, do not leave unattended, In case of a stain, a water-free fabric cleaner can be used, However, avoid applying the cleaner directly on the stain as this can cause damage to the fabric and fade colour, Pour the cleaner onto a clean cloth and test its effect on a hidden area of the sofa before cleaning the stain with the cloth, A professional scotchguard treatment is one of the easiest and most effective options to protect against spills or stains and keep pet hair at bay, Getting your sofa professionally cleaned once every 6-8 months will not only take care of the nooks and corners that you can't reach, it will also make it more durable Finish Type Matte Important Note Cancellation NOT allowed for this product after 24 hrs of order booking. Warranty Covered in Warranty Warranty covers all kind of manufacturing defects. Concerned product will either be repaired or replaced based on discretion. Service Type Manufacturer Warranty Warranty Summary 6 Months Domestic Warranty Not Covered in Warranty Warranty does not cover for Improper Handling Dimensions Weight 40 kg Height 838 mm Width 1905 mm Depth 939 mm Disclaimer - The color of the product may vary slightly compared to the picture displayed on your screen. This is due to lighting, pixel quality and color settings - Please check the product's dimensions to ensure the product will fit in the desired location. Also, check if the product will fit through...View More - The color of the product may vary slightly compared to the picture displayed on your screen. This is due to lighting, pixel quality and color settings - Please check the product's dimensions to ensure the product will fit in the desired location. Also, check if the product will fit through the entrance(s) and door(s) of the premises - Please expect an unevenness of up to 5 mm in the product due to differences in surfaces and floor levels - Flipkart, or the Seller delivering the product, will not take up any type of civil work, such as drilling holes in the wall to mount the product. The product will only be assembled in case carpentry assembly is required - In case the product appears to lack shine, wiping the surface with a cloth will help clear the surface of dust particles Material & Color Upholstery Color Leatherette Black Primary Color Black Primary Material Fabric Secondary Material Subtype Mango Wood Secondary Material Foam Finish Color Leatherette Black Primary Material Subtype Foam",No rating available,No rating available,FabHomeDecor,"{""product_specification""=>[{""key""=>""Installation & Demo Details"", ""value""=>""Installation and demo for this product is done free of cost as part of this purchase. Our service partner will visit your location within 72 business hours from the delivery of the product.""}, {""value""=>""1 Sofa Bed""}, {""key""=>""Brand"", ""value""=>""FabHomeDecor""}, {""key""=>""Mattress Included"", ""value""=>""No""}, {""key""=>""Delivery Condition"", ""value""=>""Knock Down""}, {""key""=>""Storage Included"", ""value""=>""No""}, {""key""=>""Mechanism Type"", ""value""=>""Pull Out""}, {""key""=>""Type"", ""value""=>""Sofa Bed""}, {""key""=>""Style"", ""value""=>""Contemporary and Modern""}, {""key""=>""Filling Material"", ""value""=>""Microfiber""}, {""key""=>""Seating Capacity"", ""value""=>""3 Seater""}, {""key""=>""Upholstery Type"", ""value""=>""NA""}, {""key""=>""Upholstery Included"", ""value""=>""No""}, {""key""=>""Bed Size"", ""value""=>""Double""}, {""key""=>""Shape"", ""value""=>""Square""}, {""key""=>""Suitable For"", ""value""=>""Living Room""}, {""key""=>""Model Number"", ""value""=>""FHD112""}, {""key""=>""Care Instructions"", ""value""=>""Avoid outdoor use and exposure to water or prolonged moisture, Avoid exposure to direct heat or sunlight as this can cause the sofa colour to fade, Keep sharp objects away from your sofa, A little tear on the fabric cover may be hard to repair, Vacuum your sofas periodically with a soft bristled bru...View More Avoid outdoor use and exposure to water or prolonged moisture, Avoid exposure to direct heat or sunlight as this can cause the sofa colour to fade, Keep sharp objects away from your sofa, A little tear on the fabric cover may be hard to repair, Vacuum your sofas periodically with a soft bristled brush attachment or lightly brush them to keep general dirt and dust off the sofa and prevent any embedding between the fibres, Try to avoid food and drink spillage of any kind, If spills occur, do not leave unattended, In case of a stain, a water-free fabric cleaner can be used, However, avoid applying the cleaner directly on the stain as this can cause damage to the fabric and fade colour, Pour the cleaner onto a clean cloth and test its effect on a hidden area of the sofa before cleaning the stain with the cloth, A professional scotchguard treatment is one of the easiest and most effective options to protect against spills or stains and keep pet hair at bay, Getting your sofa professionally cleaned once every 6-8 months will not only take care of the nooks and corners that you can't reach, it will also make it more durable""}, {""key""=>""Finish Type"", ""value""=>""Matte""}, {""value""=>""Cancellation NOT allowed for this product after 24 hrs of order booking.""}, {""value""=>""- The color of the product may vary slightly compared to the picture displayed on your screen. This is due to lighting, pixel quality and color settings - Please check the product's dimensions to ensure the product will fit in the desired location. Also, check if the product will fit through...View More - The color of the product may vary slightly compared to the picture displayed on your screen. This is due to lighting, pixel quality and color settings - Please check the product's dimensions to ensure the product will fit in the desired location. Also, check if the product will fit through the entrance(s) and door(s) of the premises - Please expect an unevenness of up to 5 mm in the product due to differences in surfaces and floor levels - Flipkart, or the Seller delivering the product, will not take up any type of civil work, such as drilling holes in the wall to mount the product. The product will only be assembled in case carpentry assembly is required - In case the product appears to lack shine, wiping the surface with a cloth will help clear the surface of dust particles""}, {""key""=>""Covered in Warranty"", ""value""=>""Warranty covers all kind of manufacturing defects. Concerned product will either be repaired or replaced based on discretion.""}, {""key""=>""Service Type"", ""value""=>""Manufacturer Warranty""}, {""key""=>""Warranty Summary"", ""value""=>""6 Months Domestic Warranty""}, {""key""=>""Not Covered in Warranty"", ""value""=>""Warranty does not cover for Improper Handling""}, {""key""=>""Weight"", ""value""=>""40 kg""}, {""key""=>""Height"", ""value""=>""838 mm""}, {""key""=>""Width"", ""value""=>""1905 mm""}, {""key""=>""Depth"", ""value""=>""939 mm""}, {""key""=>""Upholstery Color"", ""value""=>""Leatherette Black""}, {""key""=>""Primary Color"", ""value""=>""Black""}, {""key""=>""Primary Material"", ""value""=>""Fabric""}, {""key""=>""Secondary Material Subtype"", ""value""=>""Mango Wood""}, {""key""=>""Secondary Material"", ""value""=>""Foam""}, {""key""=>""Finish Color"", ""value""=>""Leatherette Black""}, {""key""=>""Primary Material Subtype"", ""value""=>""Foam""}]}"
f449ec65dcbc041b6ae5e6a32717d01b,2016-03-25 22:59:23 +0000,http://www.flipkart.com/aw-bellies/p/itmeh4grgfbkexnt?pid=SHOEH4GRSUBJGZXE,AW Bellies,"[""Footwear >> Women's Footwear >> Ballerinas >> AW Bellies""]",SHOEH4GRSUBJGZXE,999.0,499.0,"[""http://img5a.flixcart.com/image/shoe/7/z/z/red-as-454-aw-11-original-imaeebfwsdf6jdf6.jpeg"", ""http://img6a.flixcart.com/image/shoe/7/z/z/red-as-454-aw-11-original-imaeebfwsdf6jdf6.jpeg"", ""http://img5a.flixcart.com/image/shoe/7/z/z/red-as-454-aw-11-original-imaeebfwt8zqc5cy.jpeg"", ""http://img5a.flixcart.com/image/shoe/7/z/z/red-as-454-aw-11-original-imaeebfwhz5f8v6m.jpeg"", ""http://img6a.flixcart.com/image/shoe/7/z/z/red-as-454-aw-11-original-imaeeducshzc6pbz.jpeg"", ""http://img6a.flixcart.com/image/shoe/7/z/z/red-as-454-aw-11-original-imaeebfw2veeuz8s.jpeg""]",False,"Key Features of AW Bellies Sandals Wedges Heel Casuals,AW Bellies Price: Rs. 499 Material: Synthetic Lifestyle: Casual Heel Type: Wedge Warranty Type: Manufacturer Product Warranty against manufacturing defects: 30 days Care instructions: Allow your pair of shoes to air and de-odorize at regular basis; use shoe bags to prevent any stains or mildew; dust any dry dirt from the surface using a clean cloth; do not use polish or shiner,Specifications of AW Bellies General Ideal For Women Occasion Casual Shoe Details Color Red Outer Material Patent Leather Heel Height 1 inch Number of Contents in Sales Package Pack of 1 In the Box One Pair Of Shoes",No rating available,No rating available,AW,"{""product_specification""=>[{""key""=>""Ideal For"", ""value""=>""Women""}, {""key""=>""Occasion"", ""value""=>""Casual""}, {""key""=>""Color"", ""value""=>""Red""}, {""key""=>""Outer Material"", ""value""=>""Patent Leather""}, {""key""=>""Heel Height"", ""value""=>""1 inch""}, {""key""=>""Number of Contents in Sales Package"", ""value""=>""Pack of 1""}, {""value""=>""One Pair Of Shoes""}]}"
0973b37acd0c664e3de26e97e5571454,2016-03-25 22:59:23 +0000,http://www.flipkart.com/alisha-solid-women-s-cycling-shorts/p/itmeh2f6sdgah2pq?pid=SRTEH2F6HUZMQ6SJ,Alisha Solid Women's Cycling Shorts,"[""Clothing >> Women's Clothing >> Lingerie, Sleep & Swimwear >> Shorts >> Alisha Shorts >> Alisha Solid Women's Cycling Shorts""]",SRTEH2F6HUZMQ6SJ,699.0,267.0,"[""http://img5a.flixcart.com/image/short/6/2/h/altght-11-alisha-38-original-imaeh2d5uq9thnyg.jpeg"", ""http://img6a.flixcart.com/image/short/p/h/t/altht-3p-1-alisha-34-original-imaeh2d5jxvh4msy.jpeg"", ""http://img6a.flixcart.com/image/short/p/h/t/altht-3p-1-alisha-34-original-imaeh2d5yz9fcjxe.jpeg"", ""http://img6a.flixcart.com/image/short/p/h/t/altht-3p-1-alisha-34-original-imaeh2d5fa94gzuy.jpeg"", ""http://img6a.flixcart.com/image/short/x/5/f/altght-2-alisha-36-original-imaeh2d5xnueazgz.jpeg""]",False,"Key Features of Alisha Solid Women's Cycling Shorts Cotton Lycra Black, Red,Specifications of Alisha Solid Women's Cycling Shorts Shorts Details Number of Contents in Sales Package Pack of 2 Fabric Cotton Lycra Type Cycling Shorts General Details Pattern Solid Ideal For Women's Fabric Care Gentle Machine Wash in Lukewarm Water, Do Not Bleach Additional Details Style Code ALTGHT_11 In the Box 2 shorts",No rating available,No rating available,Alisha,"{""product_specification""=>[{""key""=>""Number of Contents in Sales Package"", ""value""=>""Pack of 2""}, {""key""=>""Fabric"", ""value""=>""Cotton Lycra""}, {""key""=>""Type"", ""value""=>""Cycling Shorts""}, {""key""=>""Pattern"", ""value""=>""Solid""}, {""key""=>""Ideal For"", ""value""=>""Women's""}, {""value""=>""Gentle Machine Wash in Lukewarm Water, Do Not Bleach""}, {""key""=>""Style Code"", ""value""=>""ALTGHT_11""}, {""value""=>""2 shorts""}]}"
bc940ea42ee6bef5ac7cea3fb5cfbee7,2016-03-25 22:59:23 +0000,http://www.flipkart.com/sicons-all-purpose-arnica-dog-shampoo/p/itmeh3zyw2vhgsp5?pid=PSOEH3ZYDMSYARJ5,Sicons All Purpose Arnica Dog Shampoo,"[""Pet Supplies >> Grooming >> Skin & Coat Care >> Shampoo >> Sicons All Purpose Arnica Dog Shampoo (500 ml)""]",PSOEH3ZYDMSYARJ5,220.0,210.0,"[""http://img5a.flixcart.com/image/pet-shampoo/r/j/5/sh-df-14-sicons-500-1100x1100-imaeh3hfvav85tva.jpeg"", ""http://img5a.flixcart.com/image/pet-shampoo/r/j/5/sh-df-14-sicons-500-original-imaeh3hfvav85tva.jpeg""]",False,Specifications of Sicons All Purpose Arnica Dog Shampoo (500 ml) General Pet Type Dog Brand Sicons Quantity 500 ml Model Number SH.DF-14 Type All Purpose Fragrance Arnica Form Factor Liquid In the Box Sales Package Shampoo Sicons Dog Fashion Arnica,No rating available,No rating available,Sicons,"{""product_specification""=>[{""key""=>""Pet Type"", ""value""=>""Dog""}, {""key""=>""Brand"", ""value""=>""Sicons""}, {""key""=>""Quantity"", ""value""=>""500 ml""}, {""key""=>""Model Number"", ""value""=>""SH.DF-14""}, {""key""=>""Type"", ""value""=>""All Purpose""}, {""key""=>""Fragrance"", ""value""=>""Arnica""}, {""key""=>""Form Factor"", ""value""=>""Liquid""}, {""key""=>""Sales Package"", ""value""=>""Shampoo Sicons Dog Fashion Arnica""}]}"
c2a17313954882c1dba461863e98adf2,2016-03-25 22:59:23 +0000,http://www.flipkart.com/eternal-gandhi-super-series-crystal-paper-weights-silver-finish/p/itmeb7h2hrfgutxb?pid=PWTEB7H2E4KCYUE3,Eternal Gandhi Super Series Crystal Paper Weights  with Silver Finish,"[""Eternal Gandhi Super Series Crystal Paper Weight...""]",PWTEB7H2E4KCYUE3,430.0,430.0,"[""http://img5a.flixcart.com/image/paper-weight/u/e/3/eternal-gandhi-gandhi-paper-weight-mark-v-1100x1100-imaeb8adyf3xmqhf.jpeg"", ""http://img5a.flixcart.com/image/paper-weight/u/e/3/eternal-gandhi-gandhi-paper-weight-mark-v-original-imaeb8adyf3xmqhf.jpeg""]",False,"Key Features of Eternal Gandhi Super Series Crystal Paper Weights  with Silver Finish Crystal  paper weight Product Dimensions :   8cm x  8cm x 5cm A beautiful product Material: Crystal,Eternal Gandhi Super Series Crystal Paper Weights  with Silver Finish (Set Of 1, Clear) Price: Rs. 430 Your office desk will sparkle and shine when you accent tables with this elegant crystal paper weight. The multifaceted crystal features Gandhiji’s bust and his timeless message – “My life is my message – M.K. Gandhi”. A beautiful product to gift to your near and dear ones in family and Business.,Specifications of Eternal Gandhi Super Series Crystal Paper Weights  with Silver Finish (Set Of 1, Clear) General Model Name Gandhi Paper Weight Mark V Dimensions Weight 323 g In the Box Paper Weight Paper Weight Features Paper Weight Material Crystal Paper Weight Finish Silver Finish",No rating available,No rating available,Eternal Gandhi,"{""product_specification""=>[{""key""=>""Model Name"", ""value""=>""Gandhi Paper Weight Mark V""}, {""key""=>""Weight"", ""value""=>""323 g""}, {""value""=>""Paper Weight""}, {""key""=>""Paper Weight Material"", ""value""=>""Crystal""}, {""key""=>""Paper Weight Finish"", ""value""=>""Silver Finish""}]}"
ce5a6818f7707e2cb61fdcdbba61f5ad,2016-03-25 22:59:23 +0000,http://www.flipkart.com/alisha-solid-women-s-cycling-shorts/p/itmeh2ftwkzykhcg?pid=SRTEH2FVVKRBAXHB,Alisha Solid Women's Cycling Shorts,"[""Clothing >> Women's Clothing >> Lingerie, Sleep & Swimwear >> Shorts >> Alisha Shorts >> Alisha Solid Women's Cycling Shorts""]",SRTEH2FVVKRBAXHB,1199.0,479.0,"[""http://img6a.flixcart.com/image/short/p/j/z/altght4p-26-alisha-38-original-imaeh2d5cqtxe5gt.jpeg"", ""http://img5a.flixcart.com/image/short/z/j/7/altght-7-alisha-38-original-imaeh2d5jsz2ghd6.jpeg"", ""http://img5a.flixcart.com/image/short/p/j/z/altght4p-26-alisha-38-original-imaeh2d5kbufss6n.jpeg"", ""http://img5a.flixcart.com/image/short/p/j/z/altght4p-26-alisha-38-original-imaeh2d5npdybzyt.jpeg"", ""http://img6a.flixcart.com/image/short/x/5/f/altght-2-alisha-36-original-imaeh2d5xnueazgz.jpeg""]",False,"Key Features of Alisha Solid Women's Cycling Shorts Cotton Lycra Navy, Red, White, Red,Specifications of Alisha Solid Women's Cycling Shorts Shorts Details Number of Contents in Sales Package Pack of 4 Fabric Cotton Lycra Type Cycling Shorts General Details Pattern Solid Ideal For Women's In the Box 4 shorts Additional Details Style Code ALTGHT4P_26 Fabric Care Gentle Machine Wash in Lukewarm Water, Do Not Bleach",No rating available,No rating available,Alisha,"{""product_specification""=>[{""key""=>""Number of Contents in Sales Package"", ""value""=>""Pack of 4""}, {""key""=>""Fabric"", ""value""=>""Cotton Lycra""}, {""key""=>""Type"", ""value""=>""Cycling Shorts""}, {""key""=>""Pattern"", ""value""=>""Solid""}, {""key""=>""Ideal For"", ""value""=>""Women's""}, {""value""=>""4 shorts""}, {""key""=>""Style Code"", ""value""=>""ALTGHT4P_26""}, {""value""=>""Gentle Machine Wash in Lukewarm Water, Do Not Bleach""}]}"
8542703ca9e6ebdf6d742638dfb1f2ca,2016-03-25 22:59:23 +0000,http://www.flipkart.com/fabhomedecor-fabric-double-sofa-bed/p/itmeh3qgnxztzcvf?pid=SBEEH3QGYGHFUEXN,FabHomeDecor Fabric Double Sofa Bed,"[""Furniture >> Living Room Furniture >> Sofa Beds & Futons >> FabHomeDecor Fabric Double Sofa Bed (Finish Colo...""]",SBEEH3QGYGHFUEXN,32157.0,22646.0,"[""http://img6a.flixcart.com/image/sofa-bed/e/x/n/fhd107-double-foam-fabhomedecor-brown-brown-1100x1100-imaeh3geypmfrc5a.jpeg"", ""http://img6a.flixcart.com/image/sofa-bed/e/x/n/fhd107-double-foam-fabhomedecor-brown-brown-original-imaeh3geypmfrc5a.jpeg"", ""http://img6a.flixcart.com/image/sofa-bed/e/x/n/fhd107-double-foam-fabhomedecor-brown-brown-original-imaeh3geadxsdz2f.jpeg"", ""http://img5a.flixcart.com/image/sofa-bed/e/x/n/fhd107-double-foam-fabhomedecor-brown-brown-original-imaeh3gehnzcjfzv.jpeg""]",False,"FabHomeDecor Fabric Double Sofa Bed (Finish Color - Brown Mechanism Type - Pull Out) Price: Rs. 22,646 • Fine deep seating experience • Save Space with the all new click clack Sofa Bed • Easy to fold and vice versa with simple click clack mechanism • Chrome legs with mango wood frame for long term durability • Double cushioned Sofa Bed to provide you with extra softness to make a fine seating experience • A double bed that can easily sleep two,Specifications of FabHomeDecor Fabric Double Sofa Bed (Finish Color - Brown Mechanism Type - Pull Out) Installation & Demo Installation & Demo Details Installation and demo for this product is done free of cost as part of this purchase. Our service partner will visit your location within 72 business hours from the delivery of the product. In The Box 1 Sofa Bed General Brand FabHomeDecor Mattress Included No Delivery Condition Knock Down Storage Included No Mechanism Type Pull Out Type Sofa Bed Style Contemporary & Modern Filling Material Microfiber Seating Capacity 3 Seater Upholstery Type NA Upholstery Included No Bed Size Double Shape Square Suitable For Living Room Model Number FHD107 Care Instructions Avoid outdoor use and exposure to water or prolonged moisture, Avoid exposure to direct heat or sunlight as this can cause the sofa colour to fade, Keep sharp objects away from your sofa, A little tear on the fabric cover may be hard to repair, Vacuum your sofas periodically with a soft bristled bru...View More Avoid outdoor use and exposure to water or prolonged moisture, Avoid exposure to direct heat or sunlight as this can cause the sofa colour to fade, Keep sharp objects away from your sofa, A little tear on the fabric cover may be hard to repair, Vacuum your sofas periodically with a soft bristled brush attachment or lightly brush them to keep general dirt and dust off the sofa and prevent any embedding between the fibres, Try to avoid food and drink spillage of any kind, If spills occur, do not leave unattended, In case of a stain, a water-free fabric cleaner can be used, However, avoid applying the cleaner directly on the stain as this can cause damage to the fabric and fade colour, Pour the cleaner onto a clean cloth and test its effect on a hidden area of the sofa before cleaning the stain with the cloth, A professional scotchguard treatment is one of the easiest and most effective options to protect against spills or stains and keep pet hair at bay, Getting your sofa professionally cleaned once every 6-8 months will not only take care of the nooks and corners that you can't reach, it will also make it more durable Finish Type Matte Important Note Cancellation NOT allowed for this product after 24 hrs of order booking. Warranty Covered in Warranty Warranty covers all kind of manufacturing defects. Concerned product will either be repaired or replaced based on discretion. Service Type Manufacturer Warranty Warranty Summary 6 Months Domestic Warranty Not Covered in Warranty Warranty does not cover for Improper Handling Dimensions Weight 40 kg Height 838 mm Width 1905 mm Depth 939 mm Disclaimer - The color of the product may vary slightly compared to the picture displayed on your screen. This is due to lighting, pixel quality and color settings - Please check the product's dimensions to ensure the product will fit in the desired location. Also, check if the product will fit through...View More - The color of the product may vary slightly compared to the picture displayed on your screen. This is due to lighting, pixel quality and color settings - Please check the product's dimensions to ensure the product will fit in the desired location. Also, check if the product will fit through the entrance(s) and door(s) of the premises - Please expect an unevenness of up to 5 mm in the product due to differences in surfaces and floor levels - Flipkart, or the Seller delivering the product, will not take up any type of civil work, such as drilling holes in the wall to mount the product. The product will only be assembled in case carpentry assembly is required - In case the product appears to lack shine, wiping the surface with a cloth will help clear the surface of dust particles Material & Color Upholstery Color Brown Primary Color Brown Primary Material Fabric Secondary Material Subtype Mango Wood Secondary Material Foam Finish Color Brown Primary Material Subtype Foam",No rating available,No rating available,FabHomeDecor,"{""product_specification""=>[{""key""=>""Installation & Demo Details"", ""value""=>""Installation and demo for this product is done free of cost as part of this purchase. Our service partner will visit your location within 72 business hours from the delivery of the product.""}, {""value""=>""1 Sofa Bed""}, {""key""=>""Brand"", ""value""=>""FabHomeDecor""}, {""key""=>""Mattress Included"", ""value""=>""No""}, {""key""=>""Delivery Condition"", ""value""=>""Knock Down""}, {""key""=>""Storage Included"", ""value""=>""No""}, {""key""=>""Mechanism Type"", ""value""=>""Pull Out""}, {""key""=>""Type"", ""value""=>""Sofa Bed""}, {""key""=>""Style"", ""value""=>""Contemporary and Modern""}, {""key""=>""Filling Material"", ""value""=>""Microfiber""}, {""key""=>""Seating Capacity"", ""value""=>""3 Seater""}, {""key""=>""Upholstery Type"", ""value""=>""NA""}, {""key""=>""Upholstery Included"", ""value""=>""No""}, {""key""=>""Bed Size"", ""value""=>""Double""}, {""key""=>""Shape"", ""value""=>""Square""}, {""key""=>""Suitable For"", ""value""=>""Living Room""}, {""key""=>""Model Number"", ""value""=>""FHD107""}, {""key""=>""Care Instructions"", ""value""=>""Avoid outdoor use and exposure to water or prolonged moisture, Avoid exposure to direct heat or sunlight as this can cause the sofa colour to fade, Keep sharp objects away from your sofa, A little tear on the fabric cover may be hard to repair, Vacuum your sofas periodically with a soft bristled bru...View More Avoid outdoor use and exposure to water or prolonged moisture, Avoid exposure to direct heat or sunlight as this can cause the sofa colour to fade, Keep sharp objects away from your sofa, A little tear on the fabric cover may be hard to repair, Vacuum your sofas periodically with a soft bristled brush attachment or lightly brush them to keep general dirt and dust off the sofa and prevent any embedding between the fibres, Try to avoid food and drink spillage of any kind, If spills occur, do not leave unattended, In case of a stain, a water-free fabric cleaner can be used, However, avoid applying the cleaner directly on the stain as this can cause damage to the fabric and fade colour, Pour the cleaner onto a clean cloth and test its effect on a hidden area of the sofa before cleaning the stain with the cloth, A professional scotchguard treatment is one of the easiest and most effective options to protect against spills or stains and keep pet hair at bay, Getting your sofa professionally cleaned once every 6-8 months will not only take care of the nooks and corners that you can't reach, it will also make it more durable""}, {""key""=>""Finish Type"", ""value""=>""Matte""}, {""value""=>""Cancellation NOT allowed for this product after 24 hrs of order booking.""}, {""value""=>""- The color of the product may vary slightly compared to the picture displayed on your screen. This is due to lighting, pixel quality and color settings - Please check the product's dimensions to ensure the product will fit in the desired location. Also, check if the product will fit through...View More - The color of the product may vary slightly compared to the picture displayed on your screen. This is due to lighting, pixel quality and color settings - Please check the product's dimensions to ensure the product will fit in the desired location. Also, check if the product will fit through the entrance(s) and door(s) of the premises - Please expect an unevenness of up to 5 mm in the product due to differences in surfaces and floor levels - Flipkart, or the Seller delivering the product, will not take up any type of civil work, such as drilling holes in the wall to mount the product. The product will only be assembled in case carpentry assembly is required - In case the product appears to lack shine, wiping the surface with a cloth will help clear the surface of dust particles""}, {""key""=>""Covered in Warranty"", ""value""=>""Warranty covers all kind of manufacturing defects. Concerned product will either be repaired or replaced based on discretion.""}, {""key""=>""Service Type"", ""value""=>""Manufacturer Warranty""}, {""key""=>""Warranty Summary"", ""value""=>""6 Months Domestic Warranty""}, {""key""=>""Not Covered in Warranty"", ""value""=>""Warranty does not cover for Improper Handling""}, {""key""=>""Weight"", ""value""=>""40 kg""}, {""key""=>""Height"", ""value""=>""838 mm""}, {""key""=>""Width"", ""value""=>""1905 mm""}, {""key""=>""Depth"", ""value""=>""939 mm""}, {""key""=>""Upholstery Color"", ""value""=>""Brown""}, {""key""=>""Primary Color"", ""value""=>""Brown""}, {""key""=>""Primary Material"", ""value""=>""Fabric""}, {""key""=>""Secondary Material Subtype"", ""value""=>""Mango Wood""}, {""key""=>""Secondary Material"", ""value""=>""Foam""}, {""key""=>""Finish Color"", ""value""=>""Brown""}, {""key""=>""Primary Material Subtype"", ""value""=>""Foam""}]}"
29c8d290caa451f97b1c32df64477a2c,2016-03-25 22:59:23 +0000,http://www.flipkart.com/dilli-bazaaar-bellies-corporate-casuals-casuals/p/itmeh2paagfuhbzh?pid=SHOEH3DZBFR88SCK,"dilli bazaaar Bellies, Corporate Casuals, Casuals","[""Footwear >> Women's Footwear >> Ballerinas >> dilli bazaaar Bellies, Corporate Casuals, Casuals""]",SHOEH3DZBFR88SCK,699.0,349.0,"[""http://img6a.flixcart.com/image/shoe/b/p/n/pink-200db202-dilli-bazaaar-10-original-imaeh2zz4x6hnuwf.jpeg"", ""http://img6a.flixcart.com/image/shoe/b/p/n/pink-200db202-dilli-bazaaar-10-original-imaeh2zzxp8s7gru.jpeg"", ""http://img6a.flixcart.com/image/shoe/s/c/k/pink-200db202-dilli-bazaaar-9-original-imaeh2zzv2hzkepv.jpeg"", ""http://img5a.flixcart.com/image/shoe/b/p/n/pink-200db202-dilli-bazaaar-10-original-imaeh2zztckv2tqj.jpeg""]",False,"Key Features of dilli bazaaar Bellies, Corporate Casuals, Casuals Material: Fabric Occasion: Ethnic, Casual, Party, Formal Color: Pink Heel Height: 0,Specifications of dilli bazaaar Bellies, Corporate Casuals, Casuals General Occasion Ethnic, Casual, Party, Formal Ideal For Women Shoe Details Weight 200 g (per single Shoe) - Weight of the product may vary depending on size. Heel Height 0 inch Outer Material Fabric Color Pink",No rating available,No rating available,dilli bazaaar,"{""product_specification""=>[{""key""=>""Occasion"", ""value""=>""Ethnic, Casual, Party, Formal""}, {""key""=>""Ideal For"", ""value""=>""Women""}, {""key""=>""Weight"", ""value""=>""200 g (per single Shoe) - Weight of the product may vary depending on size.""}, {""key""=>""Heel Height"", ""value""=>""0 inch""}, {""key""=>""Outer Material"", ""value""=>""Fabric""}, {""key""=>""Color"", ""value""=>""Pink""}]}"
4044c0ac52c1ee4b28777417651faf42,2016-03-25 22:59:23 +0000,http://www.flipkart.com/alisha-solid-women-s-cycling-shorts/p/itmeh2fvdphhyshh?pid=SRTEH2FVUHAAVH9X,Alisha Solid Women's Cycling Shorts,"[""Clothing >> Women's Clothing >> Lingerie, Sleep & Swimwear >> Shorts >> Alisha Shorts >> Alisha Solid Women's Cycling Shorts""]",SRTEH2FVUHAAVH9X,1199.0,479.0,"[""http://img5a.flixcart.com/image/short/5/z/c/altght4p-39-alisha-38-original-imaeh2d5ar6m55zd.jpeg"", ""http://img5a.flixcart.com/image/short/z/h/b/altght-9-alisha-36-original-imaeh2d5khxcdggw.jpeg"", ""http://img6a.flixcart.com/image/short/z/h/b/altght-9-alisha-36-original-imaeh2d5yj4cnjtz.jpeg"", ""http://img6a.flixcart.com/image/short/z/h/b/altght-9-alisha-36-original-imaeh2d55eacbgwg.jpeg"", ""http://img6a.flixcart.com/image/short/p/h/t/altht-3p-1-alisha-34-original-imaeh2d5jxvh4msy.jpeg""]",False,"Key Features of Alisha Solid Women's Cycling Shorts Cotton Lycra White, Black, Red, Black,Specifications of Alisha Solid Women's Cycling Shorts Shorts Details Number of Contents in Sales Package Pack of 4 Fabric Cotton Lycra Type Cycling Shorts General Details Pattern Solid Ideal For Women's Fabric Care Gentle Machine Wash in Lukewarm Water, Do Not Bleach Additional Details Style Code ALTGHT4P_39 In the Box 4 shorts",No rating available,No rating available,Alisha,"{""product_specification""=>[{""key""=>""Number of Contents in Sales Package"", ""value""=>""Pack of 4""}, {""key""=>""Fabric"", ""value""=>""Cotton Lycra""}, {""key""=>""Type"", ""value""=>""Cycling Shorts""}, {""key""=>""Pattern"", ""value""=>""Solid""}, {""key""=>""Ideal For"", ""value""=>""Women's""}, {""value""=>""Gentle Machine Wash in Lukewarm Water, Do Not Bleach""}, {""key""=>""Style Code"", ""value""=>""ALTGHT4P_39""}, {""value""=>""4 shorts""}]}"
e54bc0a7c3429da2ebef0b30331fe3d2,2016-03-25 22:59:23 +0000,http://www.flipkart.com/ladela-bellies/p/itmeh4kmxght7tuc?pid=SHOEH4KM2W3Z6EH5,Ladela Bellies,"[""Footwear >> Women's Footwear >> Ballerinas >> Ladela Bellies""]",SHOEH4KM2W3Z6EH5,1724.0,950.0,"[""http://img5a.flixcart.com/image/shoe/s/g/m/black-r998-22-ladela-38-original-imaega8phqh6tf4e.jpeg"", ""http://img6a.flixcart.com/image/shoe/s/g/m/black-r998-22-ladela-38-original-imaega8phqh6tf4e.jpeg"", ""http://img6a.flixcart.com/image/shoe/s/g/m/black-r998-22-ladela-38-original-imaeh3w9sc3nhuwa.jpeg"", ""http://img5a.flixcart.com/image/shoe/s/g/m/black-r998-22-ladela-38-original-imaeh3w99nazagyp.jpeg"", ""http://img5a.flixcart.com/image/shoe/s/g/m/black-r998-22-ladela-38-original-imaeh3w9pyfvmqap.jpeg"", ""http://img5a.flixcart.com/image/shoe/s/g/m/black-r998-22-ladela-38-original-imaeh3w9cycrgdgt.jpeg""]",False,"Key Features of Ladela Bellies Brand: LADELA Color : Black,Ladela Bellies Price: Rs. 950 Experience the best bellies from the house of Ladela. Providing the best material to keep your feet cozy and active for the whole day.,Specifications of Ladela Bellies General Occasion Casual Ideal For Women Shoe Details Heel Height 0 inch Outer Material PU Color Black",5,5,Ladela,"{""product_specification""=>[{""key""=>""Occasion"", ""value""=>""Casual""}, {""key""=>""Ideal For"", ""value""=>""Women""}, {""key""=>""Heel Height"", ""value""=>""0 inch""}, {""key""=>""Outer Material"", ""value""=>""PU""}, {""key""=>""Color"", ""value""=>""Black""}]}"
c73e78fb440ff8972e0762daed4fc109,2016-03-25 22:59:23 +0000,http://www.flipkart.com/carrel-printed-women-s/p/itmehf3ednm5fvyt?pid=SWIEHF3EF5PZAZUY,Carrel Printed Women's,"[""Clothing >> Women's Clothing >> Sports & Gym Wear >> Swimsuits >> Carrel Swimsuits >> Carrel Printed Women's""]",SWIEHF3EF5PZAZUY,2299.0,910.0,"[""http://img6a.flixcart.com/image/swimsuit/5/v/9/carrel-sw-3091-black-white01-carrel-4xl-original-imaehyzm2sywfavb.jpeg"", ""http://img5a.flixcart.com/image/swimsuit/g/g/x/carrel-sw-3091-black-white01-carrel-xl-original-imaehyzmmvg6b7uy.jpeg"", ""http://img6a.flixcart.com/image/swimsuit/5/v/9/carrel-sw-3091-black-white01-carrel-4xl-original-imaehyzmvffqbdde.jpeg"", ""http://img6a.flixcart.com/image/swimsuit/5/v/9/carrel-sw-3091-black-white01-carrel-4xl-original-imaehyzmgnqtwjpg.jpeg"", ""http://img5a.flixcart.com/image/swimsuit/5/v/9/carrel-sw-3091-black-white01-carrel-4xl-original-imaehyzmb4smucms.jpeg""]",False,"Key Features of Carrel Printed Women's Fabric: SwimLycra Brand Color: Black, White,Carrel Printed Women's Price: Rs. 910 Max-coverage swimwear collection from CARREL BRAND, Brighten up your swim routine with this best fitting. This swimming costume from the house of Carrel is made of imported swim lycra fabric and comes in Black & White Colour. It has to be washed separately and dry in shade. Attractive & classy caressing the water. This swimwear provides excellent protection and Chlorine resistance. fast drying combined with flatlock stitching gives an unmatched comfort and helps you to that performance you have been striving for. This swimwear with its comfort and style is your perfect companion at any pool, beach or water activity. Time for you to do your own thing and Go With The Flow. This Swimwear Lightly padded, for modesty and support. This Product Support To This Size : L, XL, XXL, 3XL,4XL.,Specifications of Carrel Printed Women's Top Details Neck Round Neck Swimsuit Details Fabric SwimLycra Type Swim-dress General Details Pattern Printed Ideal For Women's Occasion Sports Fabric Care Wash with Similar Colors, Use Detergent for Colors In the Box 1 Swimware",No rating available,No rating available,Carrel,"{""product_specification""=>[{""key""=>""Neck"", ""value""=>""Round Neck""}, {""key""=>""Fabric"", ""value""=>""SwimLycra""}, {""key""=>""Type"", ""value""=>""Swim-dress""}, {""key""=>""Pattern"", ""value""=>""Printed""}, {""key""=>""Ideal For"", ""value""=>""Women's""}, {""key""=>""Occasion"", ""value""=>""Sports""}, {""value""=>""Wash with Similar Colors, Use Detergent for Colors""}, {""value""=>""1 Swimware""}]}"
c29af37837afcaf44b779eca7c19295f,2016-03-25 22:59:23 +0000,http://www.flipkart.com/sicons-all-purpose-tea-tree-dog-shampoo/p/itmeh3zyhfrgh3re?pid=PSOEH3ZYYFETGCCD,Sicons All Purpose Tea Tree Dog Shampoo,"[""Pet Supplies >> Grooming >> Skin & Coat Care >> Shampoo >> Sicons All Purpose Tea Tree Dog Shampoo (200 ml)""]",PSOEH3ZYYFETGCCD,,,"[""http://img6a.flixcart.com/image/pet-shampoo/c/c/d/sh-df-07-sicons-200-1100x1100-imaeh3kvn25fznjt.jpeg"", ""http://img6a.flixcart.com/image/pet-shampoo/c/c/d/sh-df-07-sicons-200-original-imaeh3kvn25fznjt.jpeg""]",False,Specifications of Sicons All Purpose Tea Tree Dog Shampoo (200 ml) General Pet Type Dog Brand Sicons Quantity 200 ml Model Number SH.DF-07 Type All Purpose Fragrance Tea Tree Form Factor Spray In the Box Sales Package Shampoo Sicons Dog Fashion Dry Bath Urban Pet,No rating available,No rating available,Sicons,"{""product_specification""=>[{""key""=>""Pet Type"", ""value""=>""Dog""}, {""key""=>""Brand"", ""value""=>""Sicons""}, {""key""=>""Quantity"", ""value""=>""200 ml""}, {""key""=>""Model Number"", ""value""=>""SH.DF-07""}, {""key""=>""Type"", ""value""=>""All Purpose""}, {""key""=>""Fragrance"", ""value""=>""Tea Tree""}, {""key""=>""Form Factor"", ""value""=>""Spray""}, {""key""=>""Sales Package"", ""value""=>""Shampoo Sicons Dog Fashion Dry Bath Urban Pet""}]}"
9aacdecceb404c74abddc513fd2756a8,2016-03-25 22:59:23 +0000,http://www.flipkart.com/alisha-solid-women-s-cycling-shorts/p/itmeh2fgcjz4mzvu?pid=SRTEH2FGBDJGX8FW,Alisha Solid Women's Cycling Shorts,"[""Clothing >> Women's Clothing >> Lingerie, Sleep & Swimwear >> Shorts >> Alisha Shorts >> Alisha Solid Women's Cycling Shorts""]",SRTEH2FGBDJGX8FW,999.0,379.0,"[""http://img6a.flixcart.com/image/short/q/z/v/altht-3p-17-alisha-36-original-imaeh2d5njykvkz6.jpeg"", ""http://img6a.flixcart.com/image/short/p/h/t/altht-3p-1-alisha-34-original-imaeh2d5yz9fcjxe.jpeg"", ""http://img6a.flixcart.com/image/short/p/h/t/altht-3p-1-alisha-34-original-imaeh2d5fa94gzuy.jpeg"", ""http://img6a.flixcart.com/image/short/p/h/t/altht-3p-1-alisha-34-original-imaeh2d5jxvh4msy.jpeg""]",False,"Key Features of Alisha Solid Women's Cycling Shorts Cotton Lycra Black, White, Black,Specifications of Alisha Solid Women's Cycling Shorts Shorts Details Number of Contents in Sales Package Pack of 3 Fabric Cotton Lycra Type Cycling Shorts General Details Pattern Solid Ideal For Women's Fabric Care Gentle Machine Wash in Lukewarm Water, Do Not Bleach Additional Details Style Code ALTHT_3P_17 In the Box 3 shorts",No rating available,No rating available,Alisha,"{""product_specification""=>[{""key""=>""Number of Contents in Sales Package"", ""value""=>""Pack of 3""}, {""key""=>""Fabric"", ""value""=>""Cotton Lycra""}, {""key""=>""Type"", ""value""=>""Cycling Shorts""}, {""key""=>""Pattern"", ""value""=>""Solid""}, {""key""=>""Ideal For"", ""value""=>""Women's""}, {""value""=>""Gentle Machine Wash in Lukewarm Water, Do Not Bleach""}, {""key""=>""Style Code"", ""value""=>""ALTHT_3P_17""}, {""value""=>""3 shorts""}]}"
83c53f8948f508f51d2249b489ca8e7d,2016-03-25 22:59:23 +0000,http://www.flipkart.com/freelance-vacuum-bottles-350-ml-bottle/p/itmegytzpkgmrew5?pid=BOTEGYTZ2T6WUJMM,Freelance Vacuum Bottles 350 ml Bottle,"[""Pens & Stationery >> School Supplies >> Water Bottles >> Freelance Water Bottles >> Freelance Vacuum Bottles 350 ml Bottle (Pack of ...""]",BOTEGYTZ2T6WUJMM,699.0,699.0,"[""http://img5a.flixcart.com/image/bottle/j/m/m/av004bgr-freelance-350-vacuum-bottles-1000x1000-imaegykdk6ytzrzz.jpeg"", ""http://img6a.flixcart.com/image/bottle/j/m/m/av004bgr-freelance-350-vacuum-bottles-original-imaegykdk6ytzrzz.jpeg"", ""http://img6a.flixcart.com/image/bottle/j/m/m/av004bgr-freelance-350-vacuum-bottles-original-imaegykd57fmyhqa.jpeg"", ""http://img5a.flixcart.com/image/bottle/j/m/m/av004bgr-freelance-350-vacuum-bottles-original-imaegykd6yfj5wrx.jpeg"", ""http://img6a.flixcart.com/image/bottle/j/m/m/av004bgr-freelance-350-vacuum-bottles-original-imaegykdgxzzetjw.jpeg"", ""http://img5a.flixcart.com/image/bottle/j/m/m/av004bgr-freelance-350-vacuum-bottles-original-imaegykdy3humv3v.jpeg""]",False,"Specifications of Freelance Vacuum Bottles 350 ml Bottle (Pack of 1, Green) General Body Material Stainless steel Type Bottle In the Box Number of Contents in Sales Package Pack of 1 Sales Package 1 pcs in one packet",No rating available,No rating available,Freelance,"{""product_specification""=>[{""key""=>""Body Material"", ""value""=>""Stainless steel""}, {""key""=>""Type"", ""value""=>""Bottle""}, {""key""=>""Number of Contents in Sales Package"", ""value""=>""Pack of 1""}, {""key""=>""Sales Package"", ""value""=>""1 pcs in one packet""}]}"
d95b0456a0350bc42f2393c6e84b0f09,2016-03-25 22:59:23 +0000,http://www.flipkart.com/alisha-solid-women-s-cycling-shorts/p/itmeh2fehghynve9?pid=SRTEH2FECMGNZJXJ,Alisha Solid Women's Cycling Shorts,"[""Clothing >> Women's Clothing >> Lingerie, Sleep & Swimwear >> Shorts >> Alisha Shorts >> Alisha Solid Women's Cycling Shorts""]",SRTEH2FECMGNZJXJ,999.0,379.0,"[""http://img5a.flixcart.com/image/short/t/p/b/altht-3p-2-alisha-38-original-imaeh2d53jbrxnam.jpeg"", ""http://img6a.flixcart.com/image/short/p/h/t/altht-3p-1-alisha-34-original-imaeh2d5jxvh4msy.jpeg"", ""http://img6a.flixcart.com/image/short/p/h/t/altht-3p-1-alisha-34-original-imaeh2d5yz9fcjxe.jpeg"", ""http://img6a.flixcart.com/image/short/p/h/t/altht-3p-1-alisha-34-original-imaeh2d5fa94gzuy.jpeg"", ""http://img5a.flixcart.com/image/short/z/h/b/altght-9-alisha-36-original-imaeh2d5khxcdggw.jpeg""]",False,"Key Features of Alisha Solid Women's Cycling Shorts Cotton Lycra Black, White, White,Specifications of Alisha Solid Women's Cycling Shorts Shorts Details Number of Contents in Sales Package Pack of 3 Fabric Cotton Lycra Type Cycling Shorts General Details Pattern Solid Ideal For Women's Fabric Care Gentle Machine Wash in Lukewarm Water, Do Not Bleach Additional Details Style Code ALTHT_3P_2 In the Box 3 shorts",No rating available,No rating available,Alisha,"{""product_specification""=>[{""key""=>""Number of Contents in Sales Package"", ""value""=>""Pack of 3""}, {""key""=>""Fabric"", ""value""=>""Cotton Lycra""}, {""key""=>""Type"", ""value""=>""Cycling Shorts""}, {""key""=>""Pattern"", ""value""=>""Solid""}, {""key""=>""Ideal For"", ""value""=>""Women's""}, {""value""=>""Gentle Machine Wash in Lukewarm Water, Do Not Bleach""}, {""key""=>""Style Code"", ""value""=>""ALTHT_3P_2""}, {""value""=>""3 shorts""}]}"
849ab05698081a374215d0b7d18047d0,2016-03-25 22:59:23 +0000,http://www.flipkart.com/fabhomedecor-fabric-double-sofa-bed/p/itmeh3qgzgmsuyxn?pid=SBEEH3QGAYAEPRCG,FabHomeDecor Fabric Double Sofa Bed,"[""Furniture >> Living Room Furniture >> Sofa Beds & Futons >> FabHomeDecor Fabric Double Sofa Bed (Finish Colo...""]",SBEEH3QGAYAEPRCG,32157.0,22646.0,"[""http://img5a.flixcart.com/image/sofa-bed/r/c/g/fhd132-double-foam-fabhomedecor-purple-purple-1100x1100-imaeh3getyhdnnxn.jpeg"", ""http://img5a.flixcart.com/image/sofa-bed/r/c/g/fhd132-double-foam-fabhomedecor-purple-purple-original-imaeh3getyhdnnxn.jpeg"", ""http://img5a.flixcart.com/image/sofa-bed/r/c/g/fhd132-double-foam-fabhomedecor-purple-purple-original-imaeh3gehkzxd64a.jpeg"", ""http://img6a.flixcart.com/image/sofa-bed/r/c/g/fhd132-double-foam-fabhomedecor-purple-purple-original-imaeh3getztbhygx.jpeg"", ""http://img6a.flixcart.com/image/sofa-bed/r/c/g/fhd132-double-foam-fabhomedecor-purple-purple-original-imaeh3ge5qgadxgh.jpeg"", ""http://img6a.flixcart.com/image/sofa-bed/r/c/g/fhd132-double-foam-fabhomedecor-purple-purple-original-imaeh3gefhxg2vxy.jpeg"", ""http://img5a.flixcart.com/image/sofa-bed/r/c/g/fhd132-double-foam-fabhomedecor-purple-purple-original-imaeh3gfmx3wjstu.jpeg""]",False,"FabHomeDecor Fabric Double Sofa Bed (Finish Color - Purple Mechanism Type - Pull Out) Price: Rs. 22,646 • Fine deep seating experience • Save Space with the all new click clack Sofa Bed • Easy to fold and vice versa with simple click clack mechanism • Chrome legs with mango wood frame for long term durability • Double cushioned Sofa Bed to provide you with extra softness to make a fine seating experience • A double bed that can easily sleep two,Specifications of FabHomeDecor Fabric Double Sofa Bed (Finish Color - Purple Mechanism Type - Pull Out) Installation & Demo Installation & Demo Details Installation and demo for this product is done free of cost as part of this purchase. Our service partner will visit your location within 72 business hours from the delivery of the product. In The Box 1 Sofa Bed General Brand FabHomeDecor Mattress Included No Delivery Condition Knock Down Storage Included No Mechanism Type Pull Out Type Sofa Bed Style Contemporary & Modern Filling Material Microfiber Seating Capacity 3 Seater Upholstery Type NA Upholstery Included No Bed Size Double Shape Square Suitable For Living Room Model Number FHD132 Care Instructions Avoid outdoor use and exposure to water or prolonged moisture, Avoid exposure to direct heat or sunlight as this can cause the sofa colour to fade, Keep sharp objects away from your sofa, A little tear on the fabric cover may be hard to repair, Vacuum your sofas periodically with a soft bristled bru...View More Avoid outdoor use and exposure to water or prolonged moisture, Avoid exposure to direct heat or sunlight as this can cause the sofa colour to fade, Keep sharp objects away from your sofa, A little tear on the fabric cover may be hard to repair, Vacuum your sofas periodically with a soft bristled brush attachment or lightly brush them to keep general dirt and dust off the sofa and prevent any embedding between the fibres, Try to avoid food and drink spillage of any kind, If spills occur, do not leave unattended, In case of a stain, a water-free fabric cleaner can be used, However, avoid applying the cleaner directly on the stain as this can cause damage to the fabric and fade colour, Pour the cleaner onto a clean cloth and test its effect on a hidden area of the sofa before cleaning the stain with the cloth, A professional scotchguard treatment is one of the easiest and most effective options to protect against spills or stains and keep pet hair at bay, Getting your sofa professionally cleaned once every 6-8 months will not only take care of the nooks and corners that you can't reach, it will also make it more durable Finish Type Matte Important Note Cancellation NOT allowed for this product after 24 hrs of order booking. Warranty Covered in Warranty Warranty covers all kind of manufacturing defects. Concerned product will either be repaired or replaced based on discretion. Service Type Manufacturer Warranty Warranty Summary 6 Months Domestic Warranty Not Covered in Warranty Warranty does not cover for Improper Handling Dimensions Weight 40 kg Height 838 mm Width 1905 mm Depth 939 mm Disclaimer - The color of the product may vary slightly compared to the picture displayed on your screen. This is due to lighting, pixel quality and color settings - Please check the product's dimensions to ensure the product will fit in the desired location. Also, check if the product will fit through...View More - The color of the product may vary slightly compared to the picture displayed on your screen. This is due to lighting, pixel quality and color settings - Please check the product's dimensions to ensure the product will fit in the desired location. Also, check if the product will fit through the entrance(s) and door(s) of the premises - Please expect an unevenness of up to 5 mm in the product due to differences in surfaces and floor levels - Flipkart, or the Seller delivering the product, will not take up any type of civil work, such as drilling holes in the wall to mount the product. The product will only be assembled in case carpentry assembly is required - In case the product appears to lack shine, wiping the surface with a cloth will help clear the surface of dust particles Material & Color Upholstery Color Purple Primary Color Purple Primary Material Fabric Secondary Material Subtype Mango Wood Secondary Material Foam Finish Color Purple Primary Material Subtype Foam",No rating available,No rating available,FabHomeDecor,"{""product_specification""=>[{""key""=>""Installation & Demo Details"", ""value""=>""Installation and demo for this product is done free of cost as part of this purchase. Our service partner will visit your location within 72 business hours from the delivery of the product.""}, {""value""=>""1 Sofa Bed""}, {""key""=>""Brand"", ""value""=>""FabHomeDecor""}, {""key""=>""Mattress Included"", ""value""=>""No""}, {""key""=>""Delivery Condition"", ""value""=>""Knock Down""}, {""key""=>""Storage Included"", ""value""=>""No""}, {""key""=>""Mechanism Type"", ""value""=>""Pull Out""}, {""key""=>""Type"", ""value""=>""Sofa Bed""}, {""key""=>""Style"", ""value""=>""Contemporary and Modern""}, {""key""=>""Filling Material"", ""value""=>""Microfiber""}, {""key""=>""Seating Capacity"", ""value""=>""3 Seater""}, {""key""=>""Upholstery Type"", ""value""=>""NA""}, {""key""=>""Upholstery Included"", ""value""=>""No""}, {""key""=>""Bed Size"", ""value""=>""Double""}, {""key""=>""Shape"", ""value""=>""Square""}, {""key""=>""Suitable For"", ""value""=>""Living Room""}, {""key""=>""Model Number"", ""value""=>""FHD132""}, {""key""=>""Care Instructions"", ""value""=>""Avoid outdoor use and exposure to water or prolonged moisture, Avoid exposure to direct heat or sunlight as this can cause the sofa colour to fade, Keep sharp objects away from your sofa, A little tear on the fabric cover may be hard to repair, Vacuum your sofas periodically with a soft bristled bru...View More Avoid outdoor use and exposure to water or prolonged moisture, Avoid exposure to direct heat or sunlight as this can cause the sofa colour to fade, Keep sharp objects away from your sofa, A little tear on the fabric cover may be hard to repair, Vacuum your sofas periodically with a soft bristled brush attachment or lightly brush them to keep general dirt and dust off the sofa and prevent any embedding between the fibres, Try to avoid food and drink spillage of any kind, If spills occur, do not leave unattended, In case of a stain, a water-free fabric cleaner can be used, However, avoid applying the cleaner directly on the stain as this can cause damage to the fabric and fade colour, Pour the cleaner onto a clean cloth and test its effect on a hidden area of the sofa before cleaning the stain with the cloth, A professional scotchguard treatment is one of the easiest and most effective options to protect against spills or stains and keep pet hair at bay, Getting your sofa professionally cleaned once every 6-8 months will not only take care of the nooks and corners that you can't reach, it will also make it more durable""}, {""key""=>""Finish Type"", ""value""=>""Matte""}, {""value""=>""Cancellation NOT allowed for this product after 24 hrs of order booking.""}, {""value""=>""- The color of the product may vary slightly compared to the picture displayed on your screen. This is due to lighting, pixel quality and color settings - Please check the product's dimensions to ensure the product will fit in the desired location. Also, check if the product will fit through...View More - The color of the product may vary slightly compared to the picture displayed on your screen. This is due to lighting, pixel quality and color settings - Please check the product's dimensions to ensure the product will fit in the desired location. Also, check if the product will fit through the entrance(s) and door(s) of the premises - Please expect an unevenness of up to 5 mm in the product due to differences in surfaces and floor levels - Flipkart, or the Seller delivering the product, will not take up any type of civil work, such as drilling holes in the wall to mount the product. The product will only be assembled in case carpentry assembly is required - In case the product appears to lack shine, wiping the surface with a cloth will help clear the surface of dust particles""}, {""key""=>""Covered in Warranty"", ""value""=>""Warranty covers all kind of manufacturing defects. Concerned product will either be repaired or replaced based on discretion.""}, {""key""=>""Service Type"", ""value""=>""Manufacturer Warranty""}, {""key""=>""Warranty Summary"", ""value""=>""6 Months Domestic Warranty""}, {""key""=>""Not Covered in Warranty"", ""value""=>""Warranty does not cover for Improper Handling""}, {""key""=>""Weight"", ""value""=>""40 kg""}, {""key""=>""Height"", ""value""=>""838 mm""}, {""key""=>""Width"", ""value""=>""1905 mm""}, {""key""=>""Depth"", ""value""=>""939 mm""}, {""key""=>""Upholstery Color"", ""value""=>""Purple""}, {""key""=>""Primary Color"", ""value""=>""Purple""}, {""key""=>""Primary Material"", ""value""=>""Fabric""}, {""key""=>""Secondary Material Subtype"", ""value""=>""Mango Wood""}, {""key""=>""Secondary Material"", ""value""=>""Foam""}, {""key""=>""Finish Color"", ""value""=>""Purple""}, {""key""=>""Primary Material Subtype"", ""value""=>""Foam""}]}"
c275ee5ac19f774a3ef7da71b40aabd8,2016-03-25 22:59:23 +0000,http://www.flipkart.com/style-foot-bellies/p/itmeh4fssgzabe5h?pid=SHOEH4FSHEDEMVTM,Style Foot Bellies,"[""Footwear >> Women's Footwear >> Ballerinas >> Style Foot Bellies""]",SHOEH4FSHEDEMVTM,899.0,449.0,"[""http://img5a.flixcart.com/image/shoe/p/f/h/black-sfwf0377-style-foot-44-original-imaeh4cxasyrdtjr.jpeg"", ""http://img5a.flixcart.com/image/shoe/v/t/m/black-sfwf0377-style-foot-43-original-imaeh4cx4c7w8nuc.jpeg"", ""http://img5a.flixcart.com/image/shoe/p/f/h/black-sfwf0377-style-foot-44-original-imaeh4cxyruxf2pr.jpeg"", ""http://img5a.flixcart.com/image/shoe/p/f/h/black-sfwf0377-style-foot-44-original-imaeh4cxzzcbeudz.jpeg"", ""http://img5a.flixcart.com/image/shoe/v/t/m/black-sfwf0377-style-foot-43-original-imaeh4cxvjpek25n.jpeg""]",False,"Key Features of Style Foot Bellies ballerina shoes ballerina flats,Style Foot Bellies Price: Rs. 449 ballet shoes that fits perfectly for casual and party wear,Specifications of Style Foot Bellies General Occasion Casual Ideal For Women Shoe Details Heel Height 1 inch Outer Material PU Color Black In the Box 1 slipper",No rating available,No rating available,Style Foot,"{""product_specification""=>[{""key""=>""Occasion"", ""value""=>""Casual""}, {""key""=>""Ideal For"", ""value""=>""Women""}, {""key""=>""Heel Height"", ""value""=>""1 inch""}, {""key""=>""Outer Material"", ""value""=>""PU""}, {""key""=>""Color"", ""value""=>""Black""}, {""value""=>""1 slipper""}]}"
4f3511c33a6869b1d5102cd97818ef00,2016-03-25 22:59:23 +0000,http://www.flipkart.com/carrel-printed-women-s/p/itmehf3hmxnuawtn?pid=SWIEHF3H7WG6VGMR,Carrel Printed Women's,"[""Clothing >> Women's Clothing >> Sports & Gym Wear >> Swimsuits >> Carrel Swimsuits >> Carrel Printed Women's""]",SWIEHF3H7WG6VGMR,2499.0,999.0,"[""http://img5a.flixcart.com/image/swimsuit/g/z/j/carrel-sw-3091-darkblue-white-carrel-4xl-original-imaehyzmk8hphgua.jpeg"", ""http://img6a.flixcart.com/image/swimsuit/g/z/j/carrel-sw-3091-darkblue-white-carrel-4xl-original-imaehyzmmgz3fgny.jpeg"", ""http://img6a.flixcart.com/image/swimsuit/g/z/j/carrel-sw-3091-darkblue-white-carrel-4xl-original-imaehyzmjgcfwacx.jpeg"", ""http://img6a.flixcart.com/image/swimsuit/g/z/j/carrel-sw-3091-darkblue-white-carrel-4xl-original-imaehyzms4b9k2vf.jpeg"", ""http://img6a.flixcart.com/image/swimsuit/g/z/j/carrel-sw-3091-darkblue-white-carrel-4xl-original-imaehyzmgf2j2yh4.jpeg""]",False,"Key Features of Carrel Printed Women's Fabric: SwimLycra Brand Color: DARK BLUE, WHITE,Carrel Printed Women's Price: Rs. 999 Max-coverage swimwear collection from CARREL BRAND, Brighten up your swim routine with this best fitting. This swimming costume from the house of Carrel is made of imported swim lycra fabric and comes in Darkblue & White Colour. It has to be washed separately and dry in shade. Attractive & classy caressing the water. This swimwear provides excellent protection and Chlorine resistance. fast drying combined with flatlock stitching gives an unmatched comfort and helps you to that performance you have been striving for. This swimwear with its comfort and style is your perfect companion at any pool, beach or water activity. Time for you to do your own thing and Go With The Flow. This Swimwear Lightly padded, for modesty and support. This Product Support To This Size : L, XL, XXL, 3XL,4XL.,Specifications of Carrel Printed Women's Top Details Neck Round Neck Swimsuit Details Fabric SwimLycra Type Swim-dress General Details Pattern Printed Ideal For Women's Occasion Sports Fabric Care Wash with Similar Colors, Use Detergent for Colors In the Box 1 Swimware",No rating available,No rating available,Carrel,"{""product_specification""=>[{""key""=>""Neck"", ""value""=>""Round Neck""}, {""key""=>""Fabric"", ""value""=>""SwimLycra""}, {""key""=>""Type"", ""value""=>""Swim-dress""}, {""key""=>""Pattern"", ""value""=>""Printed""}, {""key""=>""Ideal For"", ""value""=>""Women's""}, {""key""=>""Occasion"", ""value""=>""Sports""}, {""value""=>""Wash with Similar Colors, Use Detergent for Colors""}, {""value""=>""1 Swimware""}]}"
7ee3e337474a29b38cfe1f5d4020d633,2016-03-25 22:59:23 +0000,http://www.flipkart.com/fabhomedecor-fabric-double-sofa-bed/p/itmeh3qgqctxreu9?pid=SBEEH3QGWRGG3J6Q,FabHomeDecor Fabric Double Sofa Bed,"[""Furniture >> Living Room Furniture >> Sofa Beds & Futons >> FabHomeDecor Fabric Double Sofa Bed (Finish Colo...""]",SBEEH3QGWRGG3J6Q,32157.0,22646.0,"[""http://img6a.flixcart.com/image/sofa-bed/j/6/q/fhd115-double-foam-fabhomedecor-dark-brown-dark-brown-original-imaeh3gee5zcazvm.jpeg"", ""http://img5a.flixcart.com/image/sofa-bed/j/6/q/fhd115-double-foam-fabhomedecor-dark-brown-dark-brown-original-imaeh3gehqgbxhhq.jpeg"", ""http://img6a.flixcart.com/image/sofa-bed/j/6/q/fhd115-double-foam-fabhomedecor-dark-brown-dark-brown-original-imaeh3get5j5mqfw.jpeg"", ""http://img6a.flixcart.com/image/sofa-bed/j/6/q/fhd115-double-foam-fabhomedecor-dark-brown-dark-brown-original-imaeh3gezh3uxkux.jpeg"", ""http://img6a.flixcart.com/image/sofa-bed/j/6/q/fhd115-double-foam-fabhomedecor-dark-brown-dark-brown-original-imaeh3geexpwnmeb.jpeg""]",False,"FabHomeDecor Fabric Double Sofa Bed (Finish Color - Dark Brown Mechanism Type - Pull Out) Price: Rs. 22,646 • Fine deep seating experience • Save Space with the all new click clack Sofa Bed • Easy to fold and vice versa with simple click clack mechanism • Chrome legs with mango wood frame for long term durability • Double cushioned Sofa Bed to provide you with extra softness to make a fine seating experience • A double bed that can easily sleep two,Specifications of FabHomeDecor Fabric Double Sofa Bed (Finish Color - Dark Brown Mechanism Type - Pull Out) In The Box 1 Sofa Bed Installation & Demo Installation & Demo Details Installation and demo for this product is done free of cost as part of this purchase. Our service partner will visit your location within 72 business hours from the delivery of the product. Important Note Cancellation NOT allowed for this product after 24 hrs of order booking. General Brand FabHomeDecor Mattress Included No Delivery Condition Knock Down Storage Included No Mechanism Type Pull Out Type Sofa Bed Style Contemporary & Modern Filling Material Microfiber Seating Capacity 3 Seater Upholstery Type NA Upholstery Included No Bed Size Double Shape Square Suitable For Living Room Model Number FHD115 Finish Type Matte Care Instructions Avoid outdoor use and exposure to water or prolonged moisture, Avoid exposure to direct heat or sunlight as this can cause the sofa colour to fade, Keep sharp objects away from your sofa, A little tear on the fabric cover may be hard to repair, Vacuum your sofas periodically with a soft bristled bru...View More Avoid outdoor use and exposure to water or prolonged moisture, Avoid exposure to direct heat or sunlight as this can cause the sofa colour to fade, Keep sharp objects away from your sofa, A little tear on the fabric cover may be hard to repair, Vacuum your sofas periodically with a soft bristled brush attachment or lightly brush them to keep general dirt and dust off the sofa and prevent any embedding between the fibres, Try to avoid food and drink spillage of any kind, If spills occur, do not leave unattended, In case of a stain, a water-free fabric cleaner can be used, However, avoid applying the cleaner directly on the stain as this can cause damage to the fabric and fade colour, Pour the cleaner onto a clean cloth and test its effect on a hidden area of the sofa before cleaning the stain with the cloth, A professional scotchguard treatment is one of the easiest and most effective options to protect against spills or stains and keep pet hair at bay, Getting your sofa professionally cleaned once every 6-8 months will not only take care of the nooks and corners that you can't reach, it will also make it more durable Dimensions Weight 40 kg Height 838.2 mm Width 1905 mm Depth 939.8 mm Warranty Covered in Warranty Warranty covers all kind of manufacturing defects. Concerned product will either be repaired or replaced based on discretion. Warranty Summary 6 Months Domestic Warranty Service Type Manufacturer Warranty Not Covered in Warranty Warranty does not cover for Improper Handling Disclaimer - The color of the product may vary slightly compared to the picture displayed on your screen. This is due to lighting, pixel quality and color settings - Please check the product's dimensions to ensure the product will fit in the desired location. Also, check if the product will fit through...View More - The color of the product may vary slightly compared to the picture displayed on your screen. This is due to lighting, pixel quality and color settings - Please check the product's dimensions to ensure the product will fit in the desired location. Also, check if the product will fit through the entrance(s) and door(s) of the premises - Please expect an unevenness of up to 5 mm in the product due to differences in surfaces and floor levels - Flipkart, or the Seller delivering the product, will not take up any type of civil work, such as drilling holes in the wall to mount the product. The product will only be assembled in case carpentry assembly is required - In case the product appears to lack shine, wiping the surface with a cloth will help clear the surface of dust particles Material & Color Primary Material Fabric Primary Color Brown Upholstery Color Dark Brown Secondary Material Foam Secondary Material Subtype Mango Wood Finish Color Dark Brown Primary Material Subtype Foam",No rating available,No rating available,FabHomeDecor,"{""product_specification""=>[{""value""=>""1 Sofa Bed""}, {""key""=>""Installation & Demo Details"", ""value""=>""Installation and demo for this product is done free of cost as part of this purchase. Our service partner will visit your location within 72 business hours from the delivery of the product.""}, {""value""=>""Cancellation NOT allowed for this product after 24 hrs of order booking.""}, {""value""=>""- The color of the product may vary slightly compared to the picture displayed on your screen. This is due to lighting, pixel quality and color settings - Please check the product's dimensions to ensure the product will fit in the desired location. Also, check if the product will fit through...View More - The color of the product may vary slightly compared to the picture displayed on your screen. This is due to lighting, pixel quality and color settings - Please check the product's dimensions to ensure the product will fit in the desired location. Also, check if the product will fit through the entrance(s) and door(s) of the premises - Please expect an unevenness of up to 5 mm in the product due to differences in surfaces and floor levels - Flipkart, or the Seller delivering the product, will not take up any type of civil work, such as drilling holes in the wall to mount the product. The product will only be assembled in case carpentry assembly is required - In case the product appears to lack shine, wiping the surface with a cloth will help clear the surface of dust particles""}, {""key""=>""Brand"", ""value""=>""FabHomeDecor""}, {""key""=>""Mattress Included"", ""value""=>""No""}, {""key""=>""Delivery Condition"", ""value""=>""Knock Down""}, {""key""=>""Storage Included"", ""value""=>""No""}, {""key""=>""Mechanism Type"", ""value""=>""Pull Out""}, {""key""=>""Type"", ""value""=>""Sofa Bed""}, {""key""=>""Style"", ""value""=>""Contemporary and Modern""}, {""key""=>""Filling Material"", ""value""=>""Microfiber""}, {""key""=>""Seating Capacity"", ""value""=>""3 Seater""}, {""key""=>""Upholstery Type"", ""value""=>""NA""}, {""key""=>""Upholstery Included"", ""value""=>""No""}, {""key""=>""Bed Size"", ""value""=>""Double""}, {""key""=>""Shape"", ""value""=>""Square""}, {""key""=>""Suitable For"", ""value""=>""Living Room""}, {""key""=>""Model Number"", ""value""=>""FHD115""}, {""key""=>""Finish Type"", ""value""=>""Matte""}, {""key""=>""Care Instructions"", ""value""=>""Avoid outdoor use and exposure to water or prolonged moisture, Avoid exposure to direct heat or sunlight as this can cause the sofa colour to fade, Keep sharp objects away from your sofa, A little tear on the fabric cover may be hard to repair, Vacuum your sofas periodically with a soft bristled bru...View More Avoid outdoor use and exposure to water or prolonged moisture, Avoid exposure to direct heat or sunlight as this can cause the sofa colour to fade, Keep sharp objects away from your sofa, A little tear on the fabric cover may be hard to repair, Vacuum your sofas periodically with a soft bristled brush attachment or lightly brush them to keep general dirt and dust off the sofa and prevent any embedding between the fibres, Try to avoid food and drink spillage of any kind, If spills occur, do not leave unattended, In case of a stain, a water-free fabric cleaner can be used, However, avoid applying the cleaner directly on the stain as this can cause damage to the fabric and fade colour, Pour the cleaner onto a clean cloth and test its effect on a hidden area of the sofa before cleaning the stain with the cloth, A professional scotchguard treatment is one of the easiest and most effective options to protect against spills or stains and keep pet hair at bay, Getting your sofa professionally cleaned once every 6-8 months will not only take care of the nooks and corners that you can't reach, it will also make it more durable""}, {""key""=>""Weight"", ""value""=>""40 kg""}, {""key""=>""Height"", ""value""=>""838.2 mm""}, {""key""=>""Width"", ""value""=>""1905 mm""}, {""key""=>""Depth"", ""value""=>""939.8 mm""}, {""key""=>""Covered in Warranty"", ""value""=>""Warranty covers all kind of manufacturing defects. Concerned product will either be repaired or replaced based on discretion.""}, {""key""=>""Warranty Summary"", ""value""=>""6 Months Domestic Warranty""}, {""key""=>""Service Type"", ""value""=>""Manufacturer Warranty""}, {""key""=>""Not Covered in Warranty"", ""value""=>""Warranty does not cover for Improper Handling""}, {""key""=>""Primary Material"", ""value""=>""Fabric""}, {""key""=>""Primary Color"", ""value""=>""Brown""}, {""key""=>""Upholstery Color"", ""value""=>""Dark Brown""}, {""key""=>""Secondary Material"", ""value""=>""Foam""}, {""key""=>""Secondary Material Subtype"", ""value""=>""Mango Wood""}, {""key""=>""Finish Color"", ""value""=>""Dark Brown""}, {""key""=>""Primary Material Subtype"", ""value""=>""Foam""}]}"
f35f27525ab8f5988d3817ee9bb02ce1,2016-03-25 22:59:23 +0000,http://www.flipkart.com/sicons-conditioning-conditoner-dog-shampoo/p/itmeh3zxdz5zzgpz?pid=PSOEH3ZXRTZJUVXM,Sicons Conditioning Conditoner Dog Shampoo,"[""Pet Supplies >> Grooming >> Skin & Coat Care >> Shampoo >> Sicons Conditioning Conditoner Dog Shampoo (200 ml)""]",PSOEH3ZXRTZJUVXM,110.0,100.0,"[""http://img6a.flixcart.com/image/pet-shampoo/v/x/m/sh-df-02-sicons-200-1100x1100-imaeh3kjba4htqfg.jpeg"", ""http://img5a.flixcart.com/image/pet-shampoo/v/x/m/sh-df-02-sicons-200-original-imaeh3kjba4htqfg.jpeg""]",False,Specifications of Sicons Conditioning Conditoner Dog Shampoo (200 ml) General Pet Type Dog Brand Sicons Quantity 200 ml Model Number SH.DF-02 Type Conditioning Fragrance Conditoner Form Factor Gel In the Box Sales Package Shampoo Sicons Dog Fashion Conditioner Aloe Rinse,No rating available,No rating available,Sicons,"{""product_specification""=>[{""key""=>""Pet Type"", ""value""=>""Dog""}, {""key""=>""Brand"", ""value""=>""Sicons""}, {""key""=>""Quantity"", ""value""=>""200 ml""}, {""key""=>""Model Number"", ""value""=>""SH.DF-02""}, {""key""=>""Type"", ""value""=>""Conditioning""}, {""key""=>""Fragrance"", ""value""=>""Conditoner""}, {""key""=>""Form Factor"", ""value""=>""Gel""}, {""key""=>""Sales Package"", ""value""=>""Shampoo Sicons Dog Fashion Conditioner Aloe Rinse""}]}"
ea98a65ad1e1b8688eddf89fbc7b3e27,2016-03-25 22:59:23 +0000,http://www.flipkart.com/alisha-solid-women-s-cycling-shorts/p/itmeh2fdc4esfsym?pid=SRTEH2FD3ANFFMHP,Alisha Solid Women's Cycling Shorts,"[""Clothing >> Women's Clothing >> Lingerie, Sleep & Swimwear >> Shorts >> Alisha Shorts >> Alisha Solid Women's Cycling Shorts""]",SRTEH2FD3ANFFMHP,,,"[""http://img6a.flixcart.com/image/short/m/g/y/altht-3p-18-alisha-34-original-imaeh2d5zgnh6vsb.jpeg"", ""http://img5a.flixcart.com/image/short/m/g/y/altht-3p-18-alisha-34-original-imaeh2d5zgnh6vsb.jpeg"", ""http://img6a.flixcart.com/image/short/p/h/t/altht-3p-1-alisha-34-original-imaeh2d5jxvh4msy.jpeg"", ""http://img6a.flixcart.com/image/short/p/h/t/altht-3p-1-alisha-34-original-imaeh2d5yz9fcjxe.jpeg"", ""http://img6a.flixcart.com/image/short/p/h/t/altht-3p-1-alisha-34-original-imaeh2d5fa94gzuy.jpeg"", ""http://img5a.flixcart.com/image/short/z/j/7/altght-7-alisha-38-original-imaeh2d5jsz2ghd6.jpeg""]",False,"Alisha Solid Women's Cycling Shorts - Buy Black, White, Navy Alisha Solid Women's Cycling Shorts For Only Rs. 999 Online in India. Shop Online For Apparels. Huge Collection of Branded Clothes Only at Flipkart.com",No rating available,No rating available,Alisha,
7a7ba93ab20a2b50fd5a7dc74bcba063,2016-03-31 15:22:07 +0000,http://www.flipkart.com/dongli-printed-boy-s-round-neck-t-shirt/p/itmehbhxtchxzghk?pid=TSHEHBHSKBJWHFNF,dongli Printed Boy's Round Neck T-Shirt,"[""Clothing >> Kids' Clothing >> Boys Wear >> Polos & T-Shirts >> dongli Polos & T-Shirts >> dongli Printed Boy's Round Neck T-Shirt (Pack of 4)""]",TSHEHBHSKBJWHFNF,2400.0,1039.0,"[""http://img5a.flixcart.com/image/t-shirt/w/x/t/dlhbb445-beige-black-gyellow-purple-dongli-10-11-years-original-imaehb54gxhchxcd.jpeg"", ""http://img6a.flixcart.com/image/t-shirt/w/x/t/dlhbb445-beige-black-gyellow-purple-dongli-10-11-years-original-imaehb54gxhchxcd.jpeg"", ""http://img5a.flixcart.com/image/t-shirt/f/n/f/dlhbb445-beige-black-gyellow-purple-dongli-15-16-years-original-imaehb55kjd6g4kg.jpeg"", ""http://img6a.flixcart.com/image/t-shirt/g/y/5/dlhbb445-beige-black-gyellow-purple-dongli-12-13-years-original-imaehb54re656maf.jpeg""]",False,"Specifications of dongli Printed Boy's Round Neck T-Shirt (Pack of 4) T-shirt Details Sleeve Half Sleeve Number of Contents in Sales Package Pack of 4 Fabric Cotton Type Round Neck Fit Regular General Details Pattern Printed Occasion Casual Ideal For Boy's In the Box 4 T Shirt Additional Details Style Code DLHBB445_BEIGE_BLACK_GYELLOW_PURPLE Fabric Care Wash with Similar Colors, Use Detergent for Colors",No rating available,No rating available,dongli,"{""product_specification""=>[{""key""=>""Sleeve"", ""value""=>""Half Sleeve""}, {""key""=>""Number of Contents in Sales Package"", ""value""=>""Pack of 4""}, {""key""=>""Fabric"", ""value""=>""Cotton""}, {""key""=>""Type"", ""value""=>""Round Neck""}, {""key""=>""Fit"", ""value""=>""Regular""}, {""key""=>""Pattern"", ""value""=>""Printed""}, {""key""=>""Occasion"", ""value""=>""Casual""}, {""key""=>""Ideal For"", ""value""=>""Boy's""}, {""value""=>""4 T Shirt""}, {""key""=>""Style Code"", ""value""=>""DLHBB445_BEIGE_BLACK_GYELLOW_PURPLE""}, {""value""=>""Wash with Similar Colors, Use Detergent for Colors""}]}"
9c26a5d85a59d6a34a199ae1df836ec3,2016-03-31 15:22:07 +0000,http://www.flipkart.com/swagga-women-clogs/p/itmeh75zqupd8scy?pid=SNDEH75ZFZ5REGFH,SWAGGA Women Clogs,"[""Footwear >> Women's Footwear >> Sports Sandals >> SWAGGA Women Clogs""]",SNDEH75ZFZ5REGFH,1500.0,1500.0,"[""http://img6a.flixcart.com/image/sandal/h/7/v/brown-white17-swagga0040-swagga-47-original-imaeh6zhxgymnwjx.jpeg"", ""http://img5a.flixcart.com/image/sandal/h/7/v/brown-white17-swagga0040-swagga-47-original-imaeh6zhxgymnwjx.jpeg"", ""http://img5a.flixcart.com/image/sandal/e/f/6/brown-black001-swagga0025-swagga-36-original-imaeh6zhsqwh8gaz.jpeg""]",False,"Key Features of SWAGGA Women Clogs Occasion: Ethnic Material: Leather Color: Brown, White Heel Height: 0,Specifications of SWAGGA Women Clogs General Occasion Ethnic Ideal For Women Sandal Details Type Clogs Heel Height 0 inch Outer Material Leather Color Brown, White13",No rating available,No rating available,SWAGGA,"{""product_specification""=>[{""key""=>""Occasion"", ""value""=>""Ethnic""}, {""key""=>""Ideal For"", ""value""=>""Women""}, {""key""=>""Type"", ""value""=>""Clogs""}, {""key""=>""Heel Height"", ""value""=>""0 inch""}, {""key""=>""Outer Material"", ""value""=>""Leather""}, {""key""=>""Color"", ""value""=>""Brown, White13""}]}"
20cf08ae845d5fd8f2b8cf52b3b9d840,2016-01-03 20:56:50 +0000,http://www.flipkart.com/kennel-rubber-dumbell-bell-small-toy-dog/p/itmea6sfmyuwwgjq?pid=PTYEA6SFGD4X8NAR,Kennel Rubber Dumbell With Bell - Small Rubber Rubber Toy For Dog,"[""Pet Supplies >> Toys >> Comfort Toys""]",PTYEA6SFGD4X8NAR,190.0,190.0,"[""http://img5a.flixcart.com/image/pet-toy/n/a/r/a35-kennel-original-imaea5c3qxyqzrgz.jpeg""]",False,Buy Kennel Rubber Dumbell With Bell - Small Rubber Rubber Toy For Dog for Rs.190 online. Kennel Rubber Dumbell With Bell - Small Rubber Rubber Toy For Dog at best prices with FREE shipping & cash on delivery. Only Genuine Products. 30 Day Replacement Guarantee.,No rating available,No rating available,Kennel,"{""product_specification""=>[{""key""=>""Pet Type"", ""value""=>""Dog""}, {""key""=>""Brand"", ""value""=>""Kennel""}, {""key""=>""Suitable For"", ""value""=>""Adult, Young""}, {""key""=>""Activity Type"", ""value""=>""Training""}, {""key""=>""Model Number"", ""value""=>""A35""}, {""key""=>""Type"", ""value""=>""Rubber Toy""}, {""key""=>""Model Name"", ""value""=>""Rubber Dumbell With Bell - Small""}, {""key""=>""Material"", ""value""=>""Rubber""}, {""key""=>""Chewable"", ""value""=>""No""}, {""key""=>""Color"", ""value""=>""Multicolor""}, {""key""=>""Weight"", ""value""=>""159 g""}, {""key""=>""Sales Package"", ""value""=>""Hard Toy""}, {""key""=>""Pack of"", ""value""=>""1""}]}"
